shop,model,product_url
thegioididong,Điện thoại Motorola G06 POWER 4GB/128GB,https://www.thegioididong.com/dtdd/motorola-g06-power-4gb-128gb
thegioididong,Điện thoại Motorola G35 5G 4GB/128GB,https://www.thegioididong.com/dtdd/motorola-moto-g35-5g-4gb-128gb
thegioididong,Điện thoại iPhone 17 Pro Max 256GB,https://www.thegioididong.com/dtdd/iphone-17-pro-max
thegioididong,Điện thoại iPhone 17 Pro 256GB,https://www.thegioididong.com/dtdd/iphone-17-pro
thegioididong,Điện thoại Motorola G86 POWER 5G 8GB/128GB,https://www.thegioididong.com/dtdd/motorola-moto-g86-5g-8gb-128gb
thegioididong,Điện thoại Motorola Edge 60 Fusion 5G 8GB/256GB,https://www.thegioididong.com/dtdd/motorola-edge-60-fusion-8gb-256gb
thegioididong,Điện thoại Motorola Razr 60 5G 8GB/256GB,https://www.thegioididong.com/dtdd/motorola-razr-60-8gb-256gb
thegioididong,Điện thoại Samsung Galaxy A17 5G 8GB/128GB,https://www.thegioididong.com/dtdd/samsung-galaxy-a17-5g-8gb-128gb
thegioididong,Điện thoại Samsung Galaxy S25 FE 5G 8GB/128GB,https://www.thegioididong.com/dtdd/samsung-galaxy-s25-fe-5g-8gb-128gb
thegioididong,Điện thoại OPPO Find X9 Pro 5G 16GB/512GB,https://www.thegioididong.com/dtdd/oppo-find-x9-pro-16gb-512gb
thegioididong,Điện thoại OPPO Find X9 5G 12GB/256GB,https://www.thegioididong.com/dtdd/oppo-find-x9-12gb-256gb
thegioididong,Điện thoại Xiaomi 15T Pro 5G 12GB/256GB,https://www.thegioididong.com/dtdd/xiaomi-15t-pro-12gb-256gb
thegioididong,Điện thoại vivo V60 Lite 5G 8GB/256GB,https://www.thegioididong.com/dtdd/vivo-v60-lite-8gb-256gb
thegioididong,Điện thoại Xiaomi 15T 5G 12GB/256GB,https://www.thegioididong.com/dtdd/xiaomi-15t-12gb-256gb
thegioididong,Điện thoại realme C85 Pro 8GB/128GB,https://www.thegioididong.com/dtdd/realme-c85-pro-8gb-128gb
thegioididong,Điện thoại vivo V60 5G 12GB/256GB,https://www.thegioididong.com/dtdd/vivo-v60-12gb-256gb
thegioididong,Điện thoại Honor X7d 5G 8GB/256GB,https://www.thegioididong.com/dtdd/honor-x7d-5g-8gb-256gb
thegioididong,Điện thoại HONOR Magic V5 5G 16GB/512GB,https://www.thegioididong.com/dtdd/honor-magic-v5-5g-16gb-512gb
thegioididong,Điện thoại Tecno Spark Go 2 3GB/64GB,https://www.thegioididong.com/dtdd/tecno-spark-go-2
thegioididong,Điện thoại định vị trẻ em Masstel Alfa 5,https://www.thegioididong.com/dtdd/masstel-alfa-5
thegioididong,Điện thoại iPhone 16 Pro Max 256GB,https://www.thegioididong.com/dtdd/iphone-16-pro-max
thegioididong,Điện thoại iPhone 16 128GB,https://www.thegioididong.com/dtdd/iphone-16
thegioididong,Điện thoại Samsung Galaxy A07 4GB/64GB,https://www.thegioididong.com/dtdd/samsung-galaxy-a07-4gb-64gb
thegioididong,Điện thoại Samsung Galaxy S25 Ultra 5G 12GB/256GB,https://www.thegioididong.com/dtdd/samsung-galaxy-s25-ultra
thegioididong,Điện thoại OPPO A6 Pro 8GB/128GB,https://www.thegioididong.com/dtdd/oppo-a6-pro-8gb-128gb
thegioididong,Điện thoại OPPO A6 Pro 5G 12GB/256GB,https://www.thegioididong.com/dtdd/oppo-a6-pro-5g-12gb-256gb
thegioididong,Điện thoại Xiaomi 15T 5G 12GB/512GB Vàng/Đen,https://www.thegioididong.com/dtdd/xiaomi-15t-5g-12gb-512gb
thegioididong,Điện thoại Xiaomi 15T Pro 5G 12GB/512GB Đen,https://www.thegioididong.com/dtdd/xiaomi-15t-pro-5g-12gb-512gb-den
thegioididong,Điện thoại Xiaomi 15T Pro 5G 12GB/1TB,https://www.thegioididong.com/dtdd/xiaomi-15t-pro-12gb-1tb
thegioididong,Điện thoại vivo X300 5G 12GB/256GB,https://www.thegioididong.com/dtdd/vivo-x300
thegioididong,Điện thoại vivo X300 Pro 5G 16GB/512GB,https://www.thegioididong.com/dtdd/vivo-x300-pro
thegioididong,Điện thoại realme C85 5G 8GB/256GB,https://www.thegioididong.com/dtdd/realme-c85-5g-8gb-256gb
thegioididong,Điện thoại HONOR 400 Lite 12GB/256GB,https://www.thegioididong.com/dtdd/honor-400-lite
thegioididong,Điện thoại iPhone 16e 128GB,https://www.thegioididong.com/dtdd/iphone-16e
thegioididong,Điện thoại Samsung Galaxy Z Fold7 5G 12GB/256GB,https://www.thegioididong.com/dtdd/samsung-galaxy-z-fold7
thegioididong,Điện thoại Samsung Galaxy A56 5G 12GB/256GB,https://www.thegioididong.com/dtdd/samsung-galaxy-a56?utm_flashsale=1
thegioididong,Điện thoại iPhone 15 128GB,https://www.thegioididong.com/dtdd/iphone-15
thegioididong,Điện thoại Samsung Galaxy A26 5G 6GB/128GB,https://www.thegioididong.com/dtdd/samsung-galaxy-a26-6gb-128gb
thegioididong,Điện thoại Samsung Galaxy A06 5G 6GB/128GB,https://www.thegioididong.com/dtdd/samsung-galaxy-a06-5g-6gb-128gb
thegioididong,Điện thoại Masstel S9 6GB/256GB,https://www.thegioididong.com/dtdd/masstel-s9
thegioididong,Điện thoại Xiaomi Redmi Note 14 Pro+ 5G 12GB/512GB,https://www.thegioididong.com/dtdd/xiaomi-redmi-note-14-pro-plus-5g-12gb-512gb
thegioididong,Điện thoại Xiaomi Redmi Note 14 Pro 8GB/256GB,https://www.thegioididong.com/dtdd/xiaomi-redmi-note-14-pro
thegioididong,Điện thoại OPPO Reno14 F 5G 8GB/256GB Hồng,https://www.thegioididong.com/dtdd/oppo-reno14-f-5g-8gb-256gb-hong
thegioididong,Điện thoại vivo V50 Lite 5G 8GB/256GB,https://www.thegioididong.com/dtdd/vivo-v50-lite-5g?utm_flashsale=1
thegioididong,Điện thoại OPPO Reno14 F 5G 12GB/256GB,https://www.thegioididong.com/dtdd/oppo-reno14-f-5g-12gb-256gb
thegioididong,Điện thoại Xiaomi Redmi Note 14 Pro 5G 8GB/256GB,https://www.thegioididong.com/dtdd/xiaomi-redmi-note-14-pro-5g
thegioididong,Điện thoại Xiaomi Redmi Note 14 5G 8GB/256GB,https://www.thegioididong.com/dtdd/xiaomi-redmi-note-14-5g
thegioididong,Điện thoại realme 15T 5G 8GB/256GB,https://www.thegioididong.com/dtdd/realme-15t-5g-8gb-256gb
thegioididong,Điện thoại HONOR X8c 8GB/256GB,https://www.thegioididong.com/dtdd/honor-x8c?utm_flashsale=1
thegioididong,Điện thoại iPhone 15 Plus 128GB,https://www.thegioididong.com/dtdd/iphone-15-plus
thegioididong,Điện thoại iPhone 13 128GB,https://www.thegioididong.com/dtdd/iphone-13
thegioididong,Điện thoại Samsung Galaxy A36 5G 12GB/256GB,https://www.thegioididong.com/dtdd/samsung-galaxy-a36?utm_flashsale=1
thegioididong,Điện thoại Samsung Galaxy S24 5G 8GB/256GB,https://www.thegioididong.com/dtdd/samsung-galaxy-s24-256gb-5g
thegioididong,Điện thoại Xiaomi Redmi 15 6GB/128GB,https://www.thegioididong.com/dtdd/xiaomi-redmi-15-6gb-128gb
thegioididong,Điện thoại OPPO Reno14 Pro 5G 12GB/512GB,https://www.thegioididong.com/dtdd/oppo-reno14-pro-5g
thegioididong,Điện thoại Xiaomi Redmi 15C 6GB/128GB,https://www.thegioididong.com/dtdd/xiaomi-redmi-15c-6gb-128gb
thegioididong,Điện thoại OPPO Reno14 5G 12GB/512GB,https://www.thegioididong.com/dtdd/oppo-reno14-5g-512gb
thegioididong,Điện thoại realme 15 5G 12GB/256GB,https://www.thegioididong.com/dtdd/realme-15-5g-12gb-256gb
thegioididong,Điện thoại Samsung Galaxy Z Flip7 5G 12GB/256GB,https://www.thegioididong.com/dtdd/samsung-galaxy-z-flip7
thegioididong,Điện thoại HONOR X9c Smart 5G 12GB/256GB,https://www.thegioididong.com/dtdd/honor-x9c-smart?utm_flashsale=1
thegioididong,Điện thoại Tecno Spark GO 1 3GB/64GB,https://www.thegioididong.com/dtdd/tecno-spark-go-1?utm_flashsale=1
thegioididong,Điện thoại iPhone 14 128GB,https://www.thegioididong.com/dtdd/iphone-14
thegioididong,Điện thoại OPPO A5 8GB/128GB,https://www.thegioididong.com/dtdd/oppo-a5-8gb-128gb
thegioididong,Điện thoại Samsung Galaxy S25 5G 12GB/256GB,https://www.thegioididong.com/dtdd/samsung-galaxy-s25
thegioididong,Điện thoại Samsung Galaxy Z Flip7 FE 5G 8GB/128GB,https://www.thegioididong.com/dtdd/samsung-galaxy-z-flip7-fe
thegioididong,Điện thoại Samsung Galaxy S24 FE 5G 8GB/256GB,https://www.thegioididong.com/dtdd/samsung-galaxy-s24-fe-8gb-256gb
thegioididong,Điện thoại iPhone 17 256GB,https://www.thegioididong.com/dtdd/iphone-17
thegioididong,Điện thoại iPhone Air 256GB,https://www.thegioididong.com/dtdd/iphone-air
thegioididong,Điện thoại HONOR X8b 8GB/512GB,https://www.thegioididong.com/dtdd/honor-x8b
thegioididong,Điện thoại Xiaomi 14T 5G 12GB/512GB Xanh,https://www.thegioididong.com/dtdd/xiaomi-14t-5g-12gb-512gb-xanh
thegioididong,Điện thoại OPPO A5 Pro 8GB/256GB,https://www.thegioididong.com/dtdd/oppo-a5-pro
thegioididong,Điện thoại HONOR 400 5G 12GB/256GB Đen,https://www.thegioididong.com/dtdd/honor-400-5g-12gb-256gb-den
thegioididong,Điện thoại realme 15 Pro 5G 12GB/256GB,https://www.thegioididong.com/dtdd/realme-15-pro-5g-12gb-256gb
thegioididong,Điện thoại vivo Y04 4GB/128GB,https://www.thegioididong.com/dtdd/vivo-y04
thegioididong,Điện thoại OPPO A5i Pro 8GB/128GB,https://www.thegioididong.com/dtdd/oppo-a5i-pro-8gb-128gb
thegioididong,Điện thoại OPPO Reno13 F 5G 8GB/256GB,https://www.thegioididong.com/dtdd/oppo-reno13-f-5g
thegioididong,Điện thoại realme 14T 5G 8GB/256GB,https://www.thegioididong.com/dtdd/realme-14t-5g-8gb?utm_flashsale=1
thegioididong,Điện thoại vivo V40 Lite 8GB/256GB,https://www.thegioididong.com/dtdd/vivo-v40-lite-8gb-256gb
thegioididong,Điện thoại realme 14 5G 12GB/256GB,https://www.thegioididong.com/dtdd/realme-14-5g?utm_flashsale=1
thegioididong,Điện thoại OPPO Find X8 Pro 5G 16GB/512GB,https://www.thegioididong.com/dtdd/oppo-find-x8-pro?utm_flashsale=1
thegioididong,Điện thoại OPPO Find N3 Flip 5G 12GB/256GB Hồng,https://www.thegioididong.com/dtdd/oppo-find-n3-flip-hong
thegioididong,Điện thoại realme Note 70 4GB/64GB,https://www.thegioididong.com/dtdd/realme-note-70-4gb-64gb
thegioididong,Điện thoại vivo V30e 5G 12GB/256GB,https://www.thegioididong.com/dtdd/vivo-v30e-12gb
thegioididong,Điện thoại realme C71 6GB/128GB,https://www.thegioididong.com/dtdd/realme-c71-6gb
thegioididong,Điện thoại Xiaomi Redmi Note 14 8GB/128GB,https://www.thegioididong.com/dtdd/xiaomi-redmi-note-14-8gb-128gb
thegioididong,Điện thoại OPPO A5x 4GB/64GB,https://www.thegioididong.com/dtdd/oppo-a5x-4gb-64gb
thegioididong,Điện thoại Samsung Galaxy A17 4GB/128GB,https://www.thegioididong.com/dtdd/samsung-galaxy-a17-4gb-128gb
thegioididong,Điện thoại Mobell M539,https://www.thegioididong.com/dtdd/mobell-m539
thegioididong,Điện thoại Nokia 105 4G Pro,https://www.thegioididong.com/dtdd/nokia-105-4g-pro
thegioididong,Điện thoại Mobell M179,https://www.thegioididong.com/dtdd/mobell-m179
thegioididong,Điện thoại vivo Y19s Pro 8GB/128GB,https://www.thegioididong.com/dtdd/vivo-y19s-pro-8gb
thegioididong,Điện thoại Mobell M331 4G,https://www.thegioididong.com/dtdd/mobell-m331
thegioididong,Điện thoại Masstel IZI 10 4G Type-C,https://www.thegioididong.com/dtdd/masstel-izi-10-type-c
thegioididong,Điện thoại Xiaomi Redmi A5 3GB/64GB,https://www.thegioididong.com/dtdd/xiaomi-redmi-a5-3gb-64gb
thegioididong,Điện thoại Masstel IZI T6 4G,https://www.thegioididong.com/dtdd/masstel-izi-t6
thegioididong,Điện thoại vivo Y21d 6GB/128GB,https://www.thegioididong.com/dtdd/vivo-y21d-6gb-128gb
thegioididong,Điện thoại vivo Y39 5G 8GB/128GB,https://www.thegioididong.com/dtdd/vivo-y39-5g
thegioididong,Điện thoại vivo Y21d 4GB/128GB,https://www.thegioididong.com/dtdd/vivo-y21d-4gb-128gb
thegioididong,Điện thoại Mobell F209,https://www.thegioididong.com/dtdd/mobell-f209
thegioididong,Điện thoại Nokia HMD 105 4G,https://www.thegioididong.com/dtdd/nokia-hmd-105-4g
thegioididong,Điện thoại iPhone 16 Pro 128GB,https://www.thegioididong.com/dtdd/iphone-16-pro
thegioididong,Điện thoại Nokia 3210 4G,https://www.thegioididong.com/dtdd/nokia-3210-4g
thegioididong,Điện thoại Samsung Galaxy S24 Ultra 5G 12GB/256GB,https://www.thegioididong.com/dtdd/samsung-galaxy-s24-ultra-5g
thegioididong,Điện thoại vivo Y29 8GB/128GB,https://www.thegioididong.com/dtdd/vivo-y29-8gb-128gb
thegioididong,Điện thoại Nokia 220 4G,https://www.thegioididong.com/dtdd/nokia-220-4g
thegioididong,Điện thoại realme C75x 8GB/128GB,https://www.thegioididong.com/dtdd/realme-c75x
thegioididong,Điện thoại vivo Y21d 6GB/256GB,https://www.thegioididong.com/dtdd/vivo-y21d-6gb-256gb
thegioididong,Điện thoại HONOR X5b Plus 4GB/128GB,https://www.thegioididong.com/dtdd/honor-x5b-plus
thegioididong,Điện thoại Honor X7d 8GB/256GB,https://www.thegioididong.com/dtdd/honor-x7d-8gb-256gb
thegioididong,Điện thoại Nokia 110 4G Pro,https://www.thegioididong.com/dtdd/nokia-110-4g-pro
thegioididong,Điện thoại HONOR X6c 6GB/128GB,https://www.thegioididong.com/dtdd/honor-x6c-6gb-128gb
thegioididong,Điện thoại Mobell M239 4G,https://www.thegioididong.com/dtdd/mobell-m239
thegioididong,Điện thoại Xiaomi Redmi 13x 6GB/128GB,https://www.thegioididong.com/dtdd/xiaomi-redmi-13x-6gb-128gb
thegioididong,Điện thoại OPPO A60 8GB/256GB,https://www.thegioididong.com/dtdd/oppo-a60-256gb
thegioididong,Điện thoại Masstel Fami 50 4G,https://www.thegioididong.com/dtdd/masstel-fami-50
thegioididong,Điện thoại HONOR Play 10 3GB/64GB,https://www.thegioididong.com/dtdd/honor-play-10-3gb-64gb
thegioididong,Điện thoại realme Note 60x 4GB/64GB,https://www.thegioididong.com/dtdd/realme-note-60x-4gb?utm_flashsale=1
thegioididong,Điện thoại Masstel IZI 10,https://www.thegioididong.com/dtdd/masstel-izi-10
thegioididong,Điện thoại Samsung Galaxy A06 4GB/64GB,https://www.thegioididong.com/dtdd/samsung-galaxy-a06-4gb-64gb
thegioididong,Điện thoại Samsung Galaxy A16 5G 8GB/256GB,https://www.thegioididong.com/dtdd/samsung-galaxy-a16-5g
thegioididong,Điện thoại iPhone 16 Plus 128GB,https://www.thegioididong.com/dtdd/iphone-16-plus
thegioididong,Điện thoại Benco 4G G3,https://www.thegioididong.com/dtdd/benco-4g-g3
thegioididong,Điện thoại Viettel Sumo 4G T2,https://www.thegioididong.com/dtdd/viettel-sumo-4g-t2
thegioididong,Điện thoại Mobell Rock 7,https://www.thegioididong.com/dtdd/mobell-rock-7
thegioididong,Điện thoại vivo V50 Lite 8GB/256GB,https://www.thegioididong.com/dtdd/vivo-v50-lite?utm_flashsale=1
thegioididong,Điện thoại Mobell F309 4G,https://www.thegioididong.com/dtdd/mobell-f309
thegioididong,Điện thoại HONOR X7c 8GB/256GB,https://www.thegioididong.com/dtdd/honor-x7c
thegioididong,Điện thoại realme C75 8GB/128GB,https://www.thegioididong.com/dtdd/realme-c75-8gb-128gb?utm_flashsale=1
thegioididong,Điện thoại Samsung Galaxy S25 Edge 5G 12GB/512GB,https://www.thegioididong.com/dtdd/samsung-galaxy-s25-edge-5g-512gb
thegioididong,Điện thoại OPPO A5i 4GB/64GB,https://www.thegioididong.com/dtdd/oppo-a5i-4gb-64gb
thegioididong,Điện thoại Samsung Galaxy S25 Plus 5G 12GB/256GB,https://www.thegioididong.com/dtdd/samsung-galaxy-s25-plus
thegioididong,Điện thoại OPPO Reno13 5G 12GB/256GB,https://www.thegioididong.com/dtdd/oppo-reno13-5g
thegioididong,Điện thoại Xiaomi 15 5G 12GB/512GB,https://www.thegioididong.com/dtdd/xiaomi-15
thegioididong,Điện thoại OPPO A3 8GB/128GB,https://www.thegioididong.com/dtdd/oppo-a3-8gb-128gb
thegioididong,Điện thoại vivo Y03 4GB/128GB,https://www.thegioididong.com/dtdd/vivo-y03?utm_flashsale=1
thegioididong,Điện thoại HONOR 400 Pro 5G 12GB/512GB,https://www.thegioididong.com/dtdd/honor-400-pro
thegioididong,Điện thoại realme Note 60 6GB/128GB,https://www.thegioididong.com/dtdd/realme-note-60?utm_flashsale=1
thegioididong,Điện thoại Samsung Galaxy A16 8GB/128GB,https://www.thegioididong.com/dtdd/samsung-galaxy-a16-8gb-128gb
thegioididong,Điện thoại Masstel Fami 60S 4G,https://www.thegioididong.com/dtdd/masstel-fami-60s
thegioididong,Điện thoại OPPO Find N3 5G 16GB/512GB,https://www.thegioididong.com/dtdd/oppo-find-n3
thegioididong,Điện thoại Xiaomi 15 Ultra 5G 16GB/512GB Trắng,https://www.thegioididong.com/dtdd/xiaomi-15-ultra-trang
thegioididong,Điện thoại OPPO Reno12 F 8GB/256GB,https://www.thegioididong.com/dtdd/oppo-reno12-f-4g-8gb-256gb
thegioididong,Điện thoại vivo V40 5G 12GB/256GB,https://www.thegioididong.com/dtdd/vivo-v40-5g
thegioididong,Điện thoại OPPO Find X8 5G 16GB/512GB Hồng,https://www.thegioididong.com/dtdd/oppo-find-x8-hong
thegioididong,Điện thoại OPPO Find N5 5G 16GB/512GB,https://www.thegioididong.com/dtdd/oppo-find-n5
thegioididong,Điện thoại OPPO A58 8GB/128GB,https://www.thegioididong.com/dtdd/oppo-a58-4g
thegioididong,Điện thoại vivo Y28 8GB/256GB,https://www.thegioididong.com/dtdd/vivo-y28-256gb
thegioididong,Điện thoại Xiaomi Redmi 13 8GB/128GB,https://www.thegioididong.com/dtdd/xiaomi-redmi-13?utm_flashsale=1
thegioididong,Điện thoại OPPO Reno12 F 5G 12GB/256GB,https://www.thegioididong.com/dtdd/oppo-reno12-f-5g-12gb-256gb
thegioididong,Điện thoại OPPO A3x 4GB/64GB,https://www.thegioididong.com/dtdd/oppo-a3x-4gb-64gb
thegioididong,Điện thoại HONOR X9d 5G 12GB/256GB,https://www.thegioididong.com/dtdd/honor-x9d-5g-12gb-256gb
thegioididong,Điện thoại HONOR X9d 5G 8GB/256GB,https://www.thegioididong.com/dtdd/honor-x9d-5g-8gb-256gb
thegioididong,Điện thoại HONOR X9d 5G 12GB/512GB,https://www.thegioididong.com/dtdd/honor-x9d-5g-12gb-512gb
thegioididong,Điện thoại Tecno Spark 40C 4GB/128GB,https://www.thegioididong.com/dtdd/tecno-spark-40c-4gb-128gb
