recommendation,count
Cải thiện hiệu suất pin,2
Không có khuyến nghị cần cải thiện,1
Cải thiện hiệu năng ứng dụng,1
Cải thiện quy trình giao hàng,1
Cải thiện trải nghiệm mua trả góp,1
Cải thiện tính năng hỗ trợ khách hàng,1
Cải thiện độ ổn định hiển thị,1
Giữ chất lượng sản phẩm ổn định,1
Giữ vững tiêu chuẩn hàng đầu,1
Cải thiện hiệu năng chip xử lý,1
Sửa lỗi chớp màn hình,1
Cải thiện chất lượng sản phẩm,1
Sửa lỗi treo máy,1
Thêm hướng dẫn sử dụng chi tiết hơn,1
Thêm tùy chọn hạ cấp phiên bản,1
Tối ưu hiệu năng sản phẩm,1
Tối ưu hiệu suất lướt FB và xem YouTube,1
Tối ưu kết nối wifi,1
Tối ưu mức tiêu thụ năng lượng,1
Nâng cao chất lượng camera,1
Tối ưu tiêu thụ năng lượng khi sử dụng,1
